AA,GENERAL,GASTROINTESTINAL,ENDOCRINE,CUTANEOUS,PNEUMOLOGICAL,ANALYTICAL,NEUROLOGICAL,OTHER,CARDIOLOGICAL
GENERAL,0.0,44.89528795811518,0.0,25.0,0.0,2.356020942408377,11.518324607329843,0.0,0.0
GASTROINTESTINAL,44.89528795811518,0.0,0.0,25.654450261780106,0.13089005235602094,2.356020942408377,0.0,0.13089005235602094,0.0
ENDOCRINE,0.0,0.0,0.0,0.0,0.6544502617801047,1.7015706806282722,0.0,0.0,0.0
CUTANEOUS,25.0,25.654450261780106,0.0,0.0,0.0,0.6544502617801047,0.0,0.0,0.0
PNEUMOLOGICAL,0.0,0.13089005235602094,0.6544502617801047,0.0,0.0,0.0,0.0,0.0,0.0
ANALYTICAL,2.356020942408377,2.356020942408377,1.7015706806282722,0.6544502617801047,0.0,0.0,2.356020942408377,0.13089005235602094,0.0
NEUROLOGICAL,11.518324607329843,0.0,0.0,0.0,0.0,2.356020942408377,0.0,0.0,0.0
OTHER,0.0,0.13089005235602094,0.0,0.0,0.0,0.13089005235602094,0.0,0.0,0.0
CARDIOLOGICAL,0.0,0.0,0.0,0.0,0.0,0.0,0.0,0.0,0.0