AA,GENERAL,GASTROINTESTINAL,ENDOCRINE,CUTANEOUS,PNEUMOLOGICAL,ANALYTICAL,NEUROLOGICAL,OTHER,CARDIOLOGICAL
GENERAL,0.0,73.11827956989248,10.32258064516129,7.741935483870968,18.70967741935484,43.44086021505376,7.096774193548387,3.4408602150537635,0.0
GASTROINTESTINAL,73.11827956989248,0.0,9.032258064516128,7.741935483870968,18.9247311827957,44.516129032258064,7.526881720430108,3.4408602150537635,0.0
ENDOCRINE,10.32258064516129,9.032258064516128,0.0,1.7204301075268817,2.1505376344086025,6.881720430107527,1.0752688172043012,0.21505376344086022,0.0
CUTANEOUS,7.741935483870968,7.741935483870968,1.7204301075268817,0.0,2.3655913978494625,4.731182795698925,0.6451612903225806,0.43010752688172044,0.0
PNEUMOLOGICAL,18.70967741935484,18.9247311827957,2.1505376344086025,2.3655913978494625,0.0,11.397849462365592,3.010752688172043,1.2903225806451613,0.0
ANALYTICAL,43.44086021505376,44.516129032258064,6.881720430107527,4.731182795698925,11.397849462365592,0.0,3.655913978494624,2.3655913978494625,0.0
NEUROLOGICAL,7.096774193548387,7.526881720430108,1.0752688172043012,0.6451612903225806,3.010752688172043,3.655913978494624,0.0,0.8602150537634409,0.0
OTHER,3.4408602150537635,3.4408602150537635,0.21505376344086022,0.43010752688172044,1.2903225806451613,2.3655913978494625,0.8602150537634409,0.0,0.0
CARDIOLOGICAL,0.0,0.0,0.0,0.0,0.0,0.0,0.0,0.0,0.0