AA,GENERAL,GASTROINTESTINAL,ENDOCRINE,CUTANEOUS,PNEUMOLOGICAL,ANALYTICAL,NEUROLOGICAL,OTHER,CARDIOLOGICAL
GENERAL,0.0,14.261744966442953,0.0,9.060402684563758,0.0,4.026845637583892,11.577181208053691,0.0,0.0
GASTROINTESTINAL,14.261744966442953,0.0,0.0,9.899328859060402,0.6711409395973155,3.0201342281879198,0.0,0.16778523489932887,0.0
ENDOCRINE,0.0,0.0,0.0,0.0,1.6778523489932886,2.1812080536912752,0.0,0.0,0.0
CUTANEOUS,9.060402684563758,9.899328859060402,0.0,0.0,0.0,0.8389261744966443,0.0,0.0,0.0
PNEUMOLOGICAL,0.0,0.6711409395973155,1.6778523489932886,0.0,0.0,0.0,0.0,0.0,0.0
ANALYTICAL,4.026845637583892,3.0201342281879198,2.1812080536912752,0.8389261744966443,0.0,0.0,4.026845637583892,0.16778523489932887,0.0
NEUROLOGICAL,11.577181208053691,0.0,0.0,0.0,0.0,4.026845637583892,0.0,0.0,0.0
OTHER,0.0,0.16778523489932887,0.0,0.0,0.0,0.16778523489932887,0.0,0.0,0.0
CARDIOLOGICAL,0.0,0.0,0.0,0.0,0.0,0.0,0.0,0.0,0.0