AA,GENERAL,GASTROINTESTINAL,ENDOCRINE,CUTANEOUS,PNEUMOLOGICAL,ANALYTICAL,NEUROLOGICAL,OTHER,CARDIOLOGICAL
GENERAL,0.0,64.46280991735537,13.223140495867769,9.50413223140496,14.46280991735537,48.34710743801653,7.851239669421488,4.545454545454546,0.0
GASTROINTESTINAL,64.46280991735537,0.0,13.223140495867769,10.743801652892563,16.528925619834713,47.107438016528924,7.43801652892562,4.958677685950414,0.0
ENDOCRINE,13.223140495867769,13.223140495867769,0.0,2.479338842975207,2.479338842975207,10.330578512396695,2.066115702479339,0.4132231404958678,0.0
CUTANEOUS,9.50413223140496,10.743801652892563,2.479338842975207,0.0,2.479338842975207,7.43801652892562,2.066115702479339,0.8264462809917356,0.0
PNEUMOLOGICAL,14.46280991735537,16.528925619834713,2.479338842975207,2.479338842975207,0.0,13.223140495867769,2.066115702479339,2.479338842975207,0.0
ANALYTICAL,48.34710743801653,47.107438016528924,10.330578512396695,7.43801652892562,13.223140495867769,0.0,5.785123966942149,3.71900826446281,0.0
NEUROLOGICAL,7.851239669421488,7.43801652892562,2.066115702479339,2.066115702479339,2.066115702479339,5.785123966942149,0.0,1.2396694214876034,0.0
OTHER,4.545454545454546,4.958677685950414,0.4132231404958678,0.8264462809917356,2.479338842975207,3.71900826446281,1.2396694214876034,0.0,0.0
CARDIOLOGICAL,0.0,0.0,0.0,0.0,0.0,0.0,0.0,0.0,0.0