AA,GENERAL,GASTROINTESTINAL,ENDOCRINE,CUTANEOUS,PNEUMOLOGICAL,ANALYTICAL,NEUROLOGICAL,OTHER,CARDIOLOGICAL
GENERAL,0.0,5.511811023622047,0.0,3.543307086614173,0.0,3.543307086614173,9.05511811023622,0.0,0.0
GASTROINTESTINAL,5.511811023622047,0.0,0.0,4.52755905511811,0.984251968503937,3.543307086614173,0.0,0.19685039370078738,0.0
ENDOCRINE,0.0,0.0,0.0,0.0,0.7874015748031495,2.559055118110236,0.0,0.0,0.0
CUTANEOUS,3.543307086614173,4.52755905511811,0.0,0.0,0.0,0.984251968503937,0.0,0.0,0.0
PNEUMOLOGICAL,0.0,0.984251968503937,0.7874015748031495,0.0,0.0,0.0,0.0,0.0,0.0
ANALYTICAL,3.543307086614173,3.543307086614173,2.559055118110236,0.984251968503937,0.0,0.0,3.543307086614173,0.19685039370078738,0.0
NEUROLOGICAL,9.05511811023622,0.0,0.0,0.0,0.0,3.543307086614173,0.0,0.0,0.0
OTHER,0.0,0.19685039370078738,0.0,0.0,0.0,0.19685039370078738,0.0,0.0,0.0
CARDIOLOGICAL,0.0,0.0,0.0,0.0,0.0,0.0,0.0,0.0,0.0