AA,GENERAL,GASTROINTESTINAL,ENDOCRINE,CUTANEOUS,PNEUMOLOGICAL,ANALYTICAL,NEUROLOGICAL,OTHER,CARDIOLOGICAL
GENERAL,0.0,52.71317829457365,11.627906976744185,12.4031007751938,22.48062015503876,39.53488372093023,6.2015503875969,1.550387596899225,0.0
GASTROINTESTINAL,52.71317829457365,0.0,8.527131782945736,10.077519379844961,17.829457364341085,31.782945736434108,4.651162790697675,0.7751937984496124,0.0
ENDOCRINE,11.627906976744185,8.527131782945736,0.0,3.10077519379845,3.10077519379845,7.751937984496124,0.7751937984496124,0.0,0.0
CUTANEOUS,12.4031007751938,10.077519379844961,3.10077519379845,0.0,5.426356589147287,8.527131782945736,2.3255813953488373,0.7751937984496124,0.0
PNEUMOLOGICAL,22.48062015503876,17.829457364341085,3.10077519379845,5.426356589147287,0.0,14.728682170542637,1.550387596899225,1.550387596899225,0.0
ANALYTICAL,39.53488372093023,31.782945736434108,7.751937984496124,8.527131782945736,14.728682170542637,0.0,4.651162790697675,0.0,0.0
NEUROLOGICAL,6.2015503875969,4.651162790697675,0.7751937984496124,2.3255813953488373,1.550387596899225,4.651162790697675,0.0,0.0,0.0
OTHER,1.550387596899225,0.7751937984496124,0.0,0.7751937984496124,1.550387596899225,0.0,0.0,0.0,0.0
CARDIOLOGICAL,0.0,0.0,0.0,0.0,0.0,0.0,0.0,0.0,0.0