AA,GENERAL,GASTROINTESTINAL,ENDOCRINE,CUTANEOUS,PNEUMOLOGICAL,ANALYTICAL,NEUROLOGICAL,OTHER,CARDIOLOGICAL
GENERAL,0.0,3.632478632478633,0.0,2.1367521367521367,0.0,2.1367521367521367,4.700854700854701,0.0,0.0
GASTROINTESTINAL,3.632478632478633,0.0,0.0,3.205128205128205,0.4273504273504274,3.8461538461538463,0.0,0.2136752136752137,0.0
ENDOCRINE,0.0,0.0,0.0,0.0,1.4957264957264957,2.7777777777777777,0.0,0.0,0.0
CUTANEOUS,2.1367521367521367,3.205128205128205,0.0,0.0,0.0,1.0683760683760684,0.0,0.0,0.0
PNEUMOLOGICAL,0.0,0.4273504273504274,1.4957264957264957,0.0,0.0,0.0,0.0,0.0,0.0
ANALYTICAL,2.1367521367521367,3.8461538461538463,2.7777777777777777,1.0683760683760684,0.0,0.0,2.1367521367521367,0.2136752136752137,0.0
NEUROLOGICAL,4.700854700854701,0.0,0.0,0.0,0.0,2.1367521367521367,0.0,0.0,0.0
OTHER,0.0,0.2136752136752137,0.0,0.0,0.0,0.2136752136752137,0.0,0.0,0.0
CARDIOLOGICAL,0.0,0.0,0.0,0.0,0.0,0.0,0.0,0.0,0.0
