AA,GENERAL,GASTROINTESTINAL,ENDOCRINE,CUTANEOUS,PNEUMOLOGICAL,ANALYTICAL,NEUROLOGICAL,OTHER,CARDIOLOGICAL
GENERAL,0.0,55.4054054054054,12.162162162162163,17.56756756756757,14.864864864864865,45.94594594594595,4.054054054054054,2.7027027027027026,0.0
GASTROINTESTINAL,55.4054054054054,0.0,13.513513513513514,17.56756756756757,13.513513513513514,39.189189189189186,2.7027027027027026,2.7027027027027026,0.0
ENDOCRINE,12.162162162162163,13.513513513513514,0.0,2.7027027027027026,4.054054054054054,8.108108108108109,1.3513513513513513,1.3513513513513513,0.0
CUTANEOUS,17.56756756756757,17.56756756756757,2.7027027027027026,0.0,5.405405405405405,14.864864864864865,1.3513513513513513,1.3513513513513513,0.0
PNEUMOLOGICAL,14.864864864864865,13.513513513513514,4.054054054054054,5.405405405405405,0.0,16.216216216216218,1.3513513513513513,1.3513513513513513,0.0
ANALYTICAL,45.94594594594595,39.189189189189186,8.108108108108109,14.864864864864865,16.216216216216218,0.0,4.054054054054054,2.7027027027027026,0.0
NEUROLOGICAL,4.054054054054054,2.7027027027027026,1.3513513513513513,1.3513513513513513,1.3513513513513513,4.054054054054054,0.0,0.0,0.0
OTHER,2.7027027027027026,2.7027027027027026,1.3513513513513513,1.3513513513513513,1.3513513513513513,2.7027027027027026,0.0,0.0,0.0
CARDIOLOGICAL,0.0,0.0,0.0,0.0,0.0,0.0,0.0,0.0,0.0