AA,GENERAL,GASTROINTESTINAL,ENDOCRINE,CUTANEOUS,PNEUMOLOGICAL,ANALYTICAL,NEUROLOGICAL,OTHER,CARDIOLOGICAL
GENERAL,0.0,1.82648401826484,0.0,1.5981735159817352,0.0,1.82648401826484,2.054794520547945,0.0,0.0
GASTROINTESTINAL,1.82648401826484,0.0,0.0,2.73972602739726,0.228310502283105,4.10958904109589,0.0,0.228310502283105,0.0
ENDOCRINE,0.0,0.0,0.0,0.0,0.45662100456621,2.968036529680365,0.0,0.0,0.0
CUTANEOUS,1.5981735159817352,2.73972602739726,0.0,0.0,0.0,1.141552511415525,0.0,0.0,0.0
PNEUMOLOGICAL,0.0,0.228310502283105,0.45662100456621,0.0,0.0,0.0,0.0,0.0,0.0
ANALYTICAL,1.82648401826484,4.10958904109589,2.968036529680365,1.141552511415525,0.0,0.0,1.82648401826484,0.228310502283105,0.0
NEUROLOGICAL,2.054794520547945,0.0,0.0,0.0,0.0,1.82648401826484,0.0,0.0,0.0
OTHER,0.0,0.228310502283105,0.0,0.0,0.0,0.228310502283105,0.0,0.0,0.0
CARDIOLOGICAL,0.0,0.0,0.0,0.0,0.0,0.0,0.0,0.0,0.0