AA,GENERAL,GASTROINTESTINAL,ENDOCRINE,CUTANEOUS,PNEUMOLOGICAL,ANALYTICAL,NEUROLOGICAL,OTHER,CARDIOLOGICAL
GENERAL,0.0,69.04761904761905,16.666666666666664,9.523809523809524,23.809523809523807,45.23809523809524,9.523809523809524,4.761904761904762,0.0
GASTROINTESTINAL,69.04761904761905,0.0,16.666666666666664,9.523809523809524,19.047619047619047,54.761904761904766,9.523809523809524,4.761904761904762,0.0
ENDOCRINE,16.666666666666664,16.666666666666664,0.0,2.380952380952381,7.142857142857142,11.904761904761903,2.380952380952381,2.380952380952381,0.0
CUTANEOUS,9.523809523809524,9.523809523809524,2.380952380952381,0.0,4.761904761904762,9.523809523809524,0.0,2.380952380952381,0.0
PNEUMOLOGICAL,23.809523809523807,19.047619047619047,7.142857142857142,4.761904761904762,0.0,14.285714285714285,2.380952380952381,2.380952380952381,0.0
ANALYTICAL,45.23809523809524,54.761904761904766,11.904761904761903,9.523809523809524,14.285714285714285,0.0,11.904761904761903,2.380952380952381,0.0
NEUROLOGICAL,9.523809523809524,9.523809523809524,2.380952380952381,0.0,2.380952380952381,11.904761904761903,0.0,0.0,0.0
OTHER,4.761904761904762,4.761904761904762,2.380952380952381,2.380952380952381,2.380952380952381,2.380952380952381,0.0,0.0,0.0
CARDIOLOGICAL,0.0,0.0,0.0,0.0,0.0,0.0,0.0,0.0,0.0
