AA,GENERAL,GASTROINTESTINAL,ENDOCRINE,CUTANEOUS,PNEUMOLOGICAL,ANALYTICAL,NEUROLOGICAL,OTHER,CARDIOLOGICAL
GENERAL,0.0,55.55555555555556,16.666666666666664,5.555555555555555,22.22222222222222,50.0,5.555555555555555,5.555555555555555,0.0
GASTROINTESTINAL,55.55555555555556,0.0,22.22222222222222,5.555555555555555,22.22222222222222,44.44444444444444,5.555555555555555,5.555555555555555,0.0
ENDOCRINE,16.666666666666664,22.22222222222222,0.0,0.0,5.555555555555555,11.11111111111111,0.0,0.0,0.0
CUTANEOUS,5.555555555555555,5.555555555555555,0.0,0.0,5.555555555555555,11.11111111111111,0.0,0.0,0.0
PNEUMOLOGICAL,22.22222222222222,22.22222222222222,5.555555555555555,5.555555555555555,0.0,22.22222222222222,0.0,5.555555555555555,0.0
ANALYTICAL,50.0,44.44444444444444,11.11111111111111,11.11111111111111,22.22222222222222,0.0,5.555555555555555,5.555555555555555,0.0
NEUROLOGICAL,5.555555555555555,5.555555555555555,0.0,0.0,0.0,5.555555555555555,0.0,0.0,0.0
OTHER,5.555555555555555,5.555555555555555,0.0,0.0,5.555555555555555,5.555555555555555,0.0,0.0,0.0
CARDIOLOGICAL,0.0,0.0,0.0,0.0,0.0,0.0,0.0,0.0,0.0