AA,GENERAL,GASTROINTESTINAL,ENDOCRINE,CUTANEOUS,PNEUMOLOGICAL,ANALYTICAL,NEUROLOGICAL,OTHER,CARDIOLOGICAL
GENERAL,0.0,0.24271844660194172,0.0,0.24271844660194172,0.0,0.48543689320388345,0.9708737864077669,0.0,0.0
GASTROINTESTINAL,0.24271844660194172,0.0,0.0,1.4563106796116505,0.48543689320388345,4.368932038834951,0.0,0.24271844660194172,0.0
ENDOCRINE,0.0,0.0,0.0,0.0,0.24271844660194172,3.1553398058252426,0.0,0.0,0.0
CUTANEOUS,0.24271844660194172,1.4563106796116505,0.0,0.0,0.0,1.2135922330097086,0.0,0.0,0.0
PNEUMOLOGICAL,0.0,0.48543689320388345,0.24271844660194172,0.0,0.0,0.0,0.0,0.0,0.0
ANALYTICAL,0.48543689320388345,4.368932038834951,3.1553398058252426,1.2135922330097086,0.0,0.0,0.48543689320388345,0.24271844660194172,0.0
NEUROLOGICAL,0.9708737864077669,0.0,0.0,0.0,0.0,0.48543689320388345,0.0,0.0,0.0
OTHER,0.0,0.24271844660194172,0.0,0.0,0.0,0.24271844660194172,0.0,0.0,0.0
CARDIOLOGICAL,0.0,0.0,0.0,0.0,0.0,0.0,0.0,0.0,0.0